id,first_name,last_name,email,gender,ip_address
1,Monro,Davall,mdavall0@surveymonkey.com,Male,35.191.90.35
2,Alyda,Oen,aoen1@geocities.jp,Female,173.107.150.218
3,Nolan,Claussen,nclaussen2@biglobe.ne.jp,Male,45.191.251.49
4,Stanwood,Vogt,svogt3@issuu.com,Male,181.177.163.3
5,Giorgi,Mumm,gmumm4@baidu.com,Male,25.41.82.130
6,Silvana,Creedland,screedland5@cyberchimps.com,Female,238.66.5.44
7,Roanne,Grundle,rgrundle6@yale.edu,Female,73.209.48.15
8,Ingrim,Wilcocke,iwilcocke7@si.edu,Male,88.90.226.2
9,Emera,Collelton,ecollelton8@51.la,Female,158.204.62.186
10,Fabian,Sture,fsture9@github.io,Male,145.205.228.220
11,Lyell,Dury,ldurya@skyrock.com,Male,154.226.246.162
12,Cob,Canepe,ccanepeb@oracle.com,Male,136.82.104.56
13,Juliann,Simononsky,jsimononskyc@fda.gov,Female,49.236.99.187
14,Rickey,Wilmut,rwilmutd@clickbank.net,Male,213.195.34.21
15,Ossie,Kilfoyle,okilfoylee@nifty.com,Male,142.120.123.114
16,Joelie,Harbottle,jharbottlef@desdev.cn,Female,213.152.62.107
17,Misty,Tripett,mtripettg@dyndns.org,Female,142.23.78.184
18,Torey,Measures,tmeasuresh@merriam-webster.com,Female,153.159.132.243
19,Dory,Ben-Aharon,dbenaharoni@dell.com,Female,174.244.163.107
20,Sasha,Farnie,sfarniej@tinypic.com,Male,184.5.62.207
21,Tamra,Rackley,trackleyk@zdnet.com,Bigender,129.61.67.101
22,Winnie,Kruschev,wkruschevl@hugedomains.com,Male,206.247.71.17
23,Christalle,Oakman,coakmanm@seattletimes.com,Female,129.240.179.126
24,Sarene,Springthorpe,sspringthorpen@bigcartel.com,Female,236.229.109.195
25,Crysta,Reddin,creddino@msu.edu,Female,166.69.88.94
26,Brit,Leiden,bleidenp@utexas.edu,Male,175.195.8.197
27,Sophronia,Baswall,sbaswallq@cloudflare.com,Female,218.43.160.178
28,Ferris,Rawlins,frawlinsr@comsenz.com,Male,224.54.79.84
29,Florentia,Dyet,fdyets@odnoklassniki.ru,Female,89.253.110.105
30,Miguelita,Seary,msearyt@psu.edu,Female,74.246.60.186
31,Gearalt,Boyland,gboylandu@foxnews.com,Male,139.55.109.175
32,Gage,Stranieri,gstranieriv@cargocollective.com,Male,156.101.244.183
33,Jayme,Yerrall,jyerrallw@netlog.com,Bigender,115.122.9.190
34,Vail,Chant,vchantx@yandex.ru,Non-binary,13.176.163.167
35,Dom,Cockshut,dcockshuty@imageshack.us,Male,65.156.5.5
36,Purcell,Crammy,pcrammyz@ehow.com,Polygender,96.248.93.116
37,Wallace,Hubbuck,whubbuck10@angelfire.com,Male,252.53.83.234
38,Jessi,Newlin,jnewlin11@webnode.com,Female,103.200.150.9
39,Nanice,Martlew,nmartlew12@squidoo.com,Female,162.101.62.14
40,Karalee,Collings,kcollings13@hibu.com,Female,21.130.130.226
41,Judon,Skrzynski,jskrzynski14@webnode.com,Male,103.237.120.126
42,Dugald,Goodred,dgoodred15@tinypic.com,Male,2.203.218.176
43,Gusty,Kopke,gkopke16@cnet.com,Female,9.144.191.167
44,Frasier,Frounks,ffrounks17@example.com,Male,30.35.25.226
45,Omar,Arnaudin,oarnaudin18@intel.com,Male,83.67.92.162
46,Lucy,Humphries,lhumphries19@google.es,Female,158.252.54.111
47,Dix,Blacket,dblacket1a@hao123.com,Female,234.210.50.40
48,Dulcy,Skoggins,dskoggins1b@shop-pro.jp,Female,20.202.164.21
49,Julie,Broomer,jbroomer1c@studiopress.com,Male,48.156.198.214
50,Valle,Ottley,vottley1d@abc.net.au,Male,211.45.236.53
51,Woodman,Widdall,wwiddall1e@springer.com,Male,153.5.16.245
52,Molli,Aldus,maldus1f@dot.gov,Female,46.0.46.237
53,Patric,Mularkey,pmularkey1g@networksolutions.com,Male,154.253.163.225
54,Kellina,McGlaughn,kmcglaughn1h@ameblo.jp,Female,17.23.249.93
55,Sada,Hessle,shessle1i@vk.com,Female,84.17.159.7
56,Nicol,Cheal,ncheal1j@japanpost.jp,Female,146.17.107.241
57,Krisha,Alsina,kalsina1k@clickbank.net,Male,25.156.145.186
58,Ossie,Kernaghan,okernaghan1l@privacy.gov.au,Male,91.59.51.157
59,Hillel,Farrell,hfarrell1m@cloudflare.com,Male,165.160.21.225
60,Sancho,Vinton,svinton1n@wunderground.com,Male,69.240.244.144
61,Trey,Husbands,thusbands1o@google.ca,Male,193.14.127.195
62,Xenos,Yo,xyo1p@moonfruit.com,Male,120.32.8.17
63,Letisha,Huffadine,lhuffadine1q@soup.io,Female,28.57.89.176
64,Pietrek,Greally,pgreally1r@mac.com,Male,173.255.210.103
65,Jenine,Pym,jpym1s@globo.com,Polygender,64.163.69.130
66,Alasdair,Scipsey,ascipsey1t@globo.com,Male,100.242.163.157
67,Aubrey,Desquesnes,adesquesnes1u@time.com,Agender,225.103.140.188
68,Asia,Duer,aduer1v@oakley.com,Female,197.242.8.61
69,Gertruda,Jane,gjane1w@sun.com,Female,93.47.1.159
70,Tabatha,Blaszkiewicz,tblaszkiewicz1x@wikia.com,Female,164.23.42.110
71,Josh,Sparsholt,jsparsholt1y@flavors.me,Male,97.190.125.139
72,Mohammed,Schirach,mschirach1z@tiny.cc,Genderqueer,67.107.211.153
73,Quinta,Bedo,qbedo20@umich.edu,Non-binary,214.185.155.181
74,Gram,Seary,gseary21@noaa.gov,Male,245.238.127.57
75,Damara,Magenny,dmagenny22@google.fr,Non-binary,136.150.251.59
76,Phillip,Novello,pnovello23@surveymonkey.com,Male,251.238.232.120
77,Maurizio,Gelletly,mgelletly24@xrea.com,Male,63.122.142.125
78,Pandora,Sarjent,psarjent25@house.gov,Female,217.33.178.12
79,Rubina,Cantua,rcantua26@google.ca,Female,8.53.152.231
80,Bondon,Rewbottom,brewbottom27@ibm.com,Male,208.158.11.251
81,Andrei,Cupitt,acupitt28@facebook.com,Agender,160.170.68.175
82,Aldrich,Roscow,aroscow29@discuz.net,Male,151.29.163.180
83,Seamus,Jurgen,sjurgen2a@cargocollective.com,Male,211.42.81.26
84,Herbert,Narramor,hnarramor2b@abc.net.au,Male,13.33.169.4
85,Gabrila,O' Mulderrig,gomulderrig2c@answers.com,Agender,188.47.252.135
86,Town,Stamp,tstamp2d@merriam-webster.com,Male,202.41.56.176
87,Frannie,Gooderick,fgooderick2e@marriott.com,Female,5.93.218.198
88,Stacee,Dyas,sdyas2f@booking.com,Male,97.185.83.85
89,Eduardo,Flintoft,eflintoft2g@china.com.cn,Male,1.62.76.107
90,Mireille,Bollands,mbollands2h@state.gov,Female,129.110.242.42
91,Ardyth,Spinney,aspinney2i@blogs.com,Female,224.39.97.81
92,Hall,Buttel,hbuttel2j@latimes.com,Male,21.27.209.0
93,Britta,Harvett,bharvett2k@yellowpages.com,Female,253.193.175.158
94,Ashlee,Midson,amidson2l@yolasite.com,Female,220.20.117.17
95,Kathrine,Jiri,kjiri2m@arstechnica.com,Female,36.48.181.229
96,Yehudit,Gerraty,ygerraty2n@mayoclinic.com,Male,167.72.213.165
97,Lila,Bartosek,lbartosek2o@myspace.com,Female,17.67.18.47
98,Carmencita,Heinke,cheinke2p@rambler.ru,Female,247.39.184.64
99,Benjamen,Pallis,bpallis2q@huffingtonpost.com,Male,81.163.60.71
100,Lisha,Grima,lgrima2r@opera.com,Female,51.176.110.140
101,Callean,Glassborow,cglassborow2s@aboutads.info,Male,95.50.169.246
102,Welbie,Marchment,wmarchment2t@yahoo.com,Male,200.221.254.37
103,Kellen,Buckley,kbuckley2u@arizona.edu,Female,198.203.85.235
104,Nigel,Resun,nresun2v@weebly.com,Male,245.85.169.226
105,Karen,Routley,kroutley2w@salon.com,Female,241.245.78.33
106,Waiter,Plane,wplane2x@1und1.de,Male,144.123.80.77
107,Conroy,Kintzel,ckintzel2y@fda.gov,Male,1.173.120.129
108,Winny,Thackwray,wthackwray2z@imageshack.us,Male,35.219.123.61
109,Pris,Bagger,pbagger30@t.co,Female,5.175.222.65
110,Lanae,M'Chirrie,lmchirrie31@wufoo.com,Female,189.236.136.155
111,Gibbie,Whitington,gwhitington32@pcworld.com,Male,167.65.247.149
112,Bay,Garlette,bgarlette33@photobucket.com,Male,107.65.12.234
113,Ahmed,Hocking,ahocking34@msn.com,Male,131.146.212.124
114,Jessie,Ducrow,jducrow35@washington.edu,Genderqueer,53.223.196.40
115,Mehetabel,McKernon,mmckernon36@furl.net,Female,93.69.34.227
116,Linda,Towe,ltowe37@miitbeian.gov.cn,Female,47.138.229.92
117,Anders,Mallatratt,amallatratt38@unblog.fr,Male,197.133.101.20
118,Haydon,Janew,hjanew39@usnews.com,Male,207.130.248.87
119,Onofredo,Caskie,ocaskie3a@soup.io,Non-binary,99.214.131.43
120,Caro,Scotter,cscotter3b@paginegialle.it,Female,225.89.125.172
121,Algernon,Astupenas,aastupenas3c@washingtonpost.com,Male,92.99.120.61
122,Francis,Tweedell,ftweedell3d@163.com,Male,148.69.16.55
123,Ronni,Corbett,rcorbett3e@gizmodo.com,Female,80.82.211.27
124,Wenda,Dudding,wdudding3f@topsy.com,Female,17.160.81.55
125,Hill,Desouza,hdesouza3g@hp.com,Genderfluid,177.134.214.79
126,Ly,Conboy,lconboy3h@comcast.net,Male,105.22.240.77
127,Teador,Held,theld3i@360.cn,Male,194.192.173.173
128,Glori,Bosworth,gbosworth3j@google.it,Female,137.28.213.173
129,Abie,Himsworth,ahimsworth3k@psu.edu,Male,241.225.104.191
130,Albrecht,Gillebert,agillebert3l@harvard.edu,Male,21.150.244.127
131,Cheston,Bedminster,cbedminster3m@google.com.au,Male,212.230.226.227
132,Adrian,Worcester,aworcester3n@php.net,Female,101.27.248.80
133,Glori,Barajaz,gbarajaz3o@dailymail.co.uk,Female,82.82.110.192
134,Amberly,Webburn,awebburn3p@booking.com,Agender,237.93.242.43
135,Carmelita,Pacquet,cpacquet3q@google.es,Female,219.175.124.2
136,Kennett,Gueste,kgueste3r@github.com,Male,41.168.6.93
137,Carol,Jostan,cjostan3s@yahoo.com,Female,36.220.67.31
138,Travus,Lardier,tlardier3t@newsvine.com,Non-binary,116.217.60.182
139,Ardelia,Fancett,afancett3u@tripod.com,Female,115.176.114.70
140,Karlik,Thackeray,kthackeray3v@prweb.com,Male,219.218.101.151
141,Harvey,Salamon,hsalamon3w@deviantart.com,Male,10.224.65.195
142,Diane-marie,Henstridge,dhenstridge3x@cisco.com,Female,39.112.238.249
143,Conny,Boerder,cboerder3y@ameblo.jp,Male,198.37.4.207
144,Janek,Skynner,jskynner3z@bizjournals.com,Male,26.217.229.209
145,Sigfrid,Schimke,sschimke40@howstuffworks.com,Male,236.4.56.124
146,Torrin,Vlach,tvlach41@toplist.cz,Male,171.176.0.174
147,Ahmed,Orris,aorris42@dot.gov,Male,143.34.196.96
148,Lorri,Dougharty,ldougharty43@netlog.com,Female,77.109.180.186
149,Gwenni,Louis,glouis44@nytimes.com,Female,72.226.184.223
150,Dunstan,Miall,dmiall45@cpanel.net,Male,162.135.161.79
151,Jenelle,Reston,jreston46@freewebs.com,Female,44.118.138.238
152,Benetta,Chable,bchable47@cdbaby.com,Female,43.7.134.145
153,Dawn,Hotchkin,dhotchkin48@shutterfly.com,Female,220.84.19.194
154,Casey,Beardwell,cbeardwell49@discovery.com,Male,227.23.162.94
155,Delinda,Grigoroni,dgrigoroni4a@paypal.com,Female,74.50.71.56
156,Pat,Kay,pkay4b@google.cn,Female,100.71.158.38
157,Frankie,Boggers,fboggers4c@cocolog-nifty.com,Female,182.33.43.118
158,Winona,Alcock,walcock4d@bbb.org,Female,17.60.149.72
159,Rodrick,Moralas,rmoralas4e@ted.com,Male,27.196.252.102
160,Jayson,Tie,jtie4f@pen.io,Male,42.20.195.30
161,Giorgia,Volkers,gvolkers4g@jigsy.com,Female,52.27.39.119
162,Margareta,Frise,mfrise4h@usnews.com,Female,149.129.212.119
163,Ignazio,Nizet,inizet4i@tripod.com,Male,70.119.42.80
164,Nikolia,Westoll,nwestoll4j@list-manage.com,Genderfluid,134.175.201.48
165,Sonny,Kleiner,skleiner4k@scientificamerican.com,Male,53.131.187.158
166,Spense,Knappitt,sknappitt4l@cdc.gov,Male,80.242.250.196
167,Aldric,Kinvan,akinvan4m@sciencedaily.com,Male,138.147.228.71
168,Aguie,Trubshaw,atrubshaw4n@fema.gov,Male,25.44.231.174
169,Ruddy,Glassard,rglassard4o@godaddy.com,Male,7.227.223.233
170,Barbabas,Dickman,bdickman4p@cafepress.com,Non-binary,253.124.31.131
171,Gratiana,Menilove,gmenilove4q@arstechnica.com,Female,161.151.19.200
172,Worden,Delph,wdelph4r@imageshack.us,Male,119.205.229.31
173,Ward,Grissett,wgrissett4s@usatoday.com,Male,195.228.252.45
174,Tommie,Banks,tbanks4t@ifeng.com,Male,45.112.67.217
175,Gunner,Feasey,gfeasey4u@craigslist.org,Male,167.107.194.125
176,Tracy,Tenby,ttenby4v@apple.com,Female,158.115.32.11
177,Vania,Drayson,vdrayson4w@taobao.com,Female,192.193.10.157
178,Amerigo,Arrandale,aarrandale4x@biblegateway.com,Male,235.136.220.196
179,Regina,Jentgens,rjentgens4y@fda.gov,Female,203.203.115.233
180,Marshall,Ells,mells4z@japanpost.jp,Male,129.119.212.24
181,Griffin,Hartright,ghartright50@chron.com,Male,43.71.43.157
182,Delmore,Englishby,denglishby51@facebook.com,Male,26.79.242.76
183,Herminia,Haselwood,hhaselwood52@cornell.edu,Female,109.21.3.131
184,Gabbie,Castagnet,gcastagnet53@is.gd,Male,39.111.9.249
185,Philomena,Scarbarrow,pscarbarrow54@ocn.ne.jp,Female,47.180.50.213
186,Donnie,Hamon,dhamon55@mit.edu,Male,76.80.255.7
187,Benedicto,Georghiou,bgeorghiou56@tumblr.com,Male,237.95.245.154
188,Neill,Maundrell,nmaundrell57@home.pl,Male,244.80.193.58
189,Kristopher,Gravett,kgravett58@ifeng.com,Polygender,121.219.190.123
190,Debora,Parke,dparke59@huffingtonpost.com,Female,199.9.76.112
191,Clayton,Brachell,cbrachell5a@wp.com,Polygender,178.105.34.233
192,Philly,Shakespear,pshakespear5b@istockphoto.com,Female,55.252.23.99
193,Ingram,Hugonet,ihugonet5c@furl.net,Male,105.124.252.20
194,Brunhilde,Bawles,bbawles5d@redcross.org,Female,9.236.100.19
195,Flemming,Lackington,flackington5e@wikispaces.com,Male,206.62.185.199
196,Dyanne,Cancellor,dcancellor5f@columbia.edu,Genderqueer,200.208.160.222
197,Bentlee,Rubra,brubra5g@paypal.com,Male,92.112.169.177
198,Edee,O'Conor,eoconor5h@cnbc.com,Female,228.191.149.126
199,Lurleen,Ornells,lornells5i@paypal.com,Female,232.203.109.188
200,Valerie,Skerritt,vskerritt5j@instagram.com,Female,85.39.8.35
201,Leif,Scadding,lscadding5k@loc.gov,Male,251.53.126.195
202,Kaye,Wurst,kwurst5l@senate.gov,Bigender,177.7.21.19
203,Calv,Fairbourn,cfairbourn5m@mashable.com,Male,6.239.27.138
204,Caro,Chedgey,cchedgey5n@salon.com,Female,167.206.35.28
205,Chelsae,Carlile,ccarlile5o@dagondesign.com,Female,210.33.93.238
206,Adolf,Nicely,anicely5p@geocities.com,Male,135.91.72.53
207,Claudell,Wattam,cwattam5q@imgur.com,Male,231.207.141.77
208,Zenia,Slegg,zslegg5r@so-net.ne.jp,Female,121.1.35.71
209,Kimbell,Bairnsfather,kbairnsfather5s@alexa.com,Polygender,123.209.104.199
210,Brigitta,Exter,bexter5t@howstuffworks.com,Agender,222.164.254.135
211,Parke,Treweela,ptreweela5u@sfgate.com,Male,113.87.31.66
212,Celine,Stainer,cstainer5v@lycos.com,Female,228.36.42.132
213,Marianna,Jurges,mjurges5w@freewebs.com,Female,91.125.109.185
214,Gracie,Puckinghorne,gpuckinghorne5x@cloudflare.com,Female,251.79.84.80
215,Harv,O'Siaghail,hosiaghail5y@google.ru,Male,198.242.23.152
216,Dyanne,Djokovic,ddjokovic5z@bbc.co.uk,Female,30.248.249.168
217,Jo-ann,Barme,jbarme60@prnewswire.com,Female,236.56.86.158
218,Eldon,Poure,epoure61@flavors.me,Male,53.220.163.223
219,Jared,Robert,jrobert62@bloglines.com,Male,10.37.20.15
220,Mariska,Philippet,mphilippet63@yandex.ru,Female,221.150.9.214
221,Eustace,Sawter,esawter64@exblog.jp,Male,29.129.66.242
222,Dukey,Drust,ddrust65@army.mil,Male,136.150.58.37
223,Will,Barten,wbarten66@europa.eu,Polygender,209.4.174.201
224,Mickey,Tripp,mtripp67@ezinearticles.com,Agender,52.29.217.245
225,Cosimo,Ravillas,cravillas68@nasa.gov,Male,183.217.83.248
226,Mel,Belhomme,mbelhomme69@npr.org,Male,62.100.29.208
227,Kelley,De Metz,kdemetz6a@archive.org,Genderqueer,114.227.62.166
228,Leena,Haycroft,lhaycroft6b@google.it,Female,244.68.53.110
229,Harriott,Ambroise,hambroise6c@chron.com,Female,241.76.168.160
230,Liane,Sidney,lsidney6d@buzzfeed.com,Female,174.252.120.208
231,Domenic,Coger,dcoger6e@yale.edu,Male,109.157.147.242
232,Stanwood,Stirgess,sstirgess6f@usgs.gov,Male,27.199.97.63
233,Abbot,Lindl,alindl6g@indiatimes.com,Male,241.122.28.53
234,Janeva,Wethered,jwethered6h@biglobe.ne.jp,Polygender,10.104.224.215
235,Marion,Seaborne,mseaborne6i@godaddy.com,Male,104.119.125.92
236,Mignonne,Penelli,mpenelli6j@timesonline.co.uk,Female,183.13.172.164
237,Kermit,McCarron,kmccarron6k@usatoday.com,Male,182.234.99.43
238,Juana,Lintin,jlintin6l@blogs.com,Female,182.245.186.61
239,Godfrey,Balfe,gbalfe6m@chicagotribune.com,Male,26.43.166.116
240,Clem,Quilty,cquilty6n@miibeian.gov.cn,Female,137.228.114.93
241,Simeon,Suermeier,ssuermeier6o@google.it,Bigender,187.179.2.167
242,Earle,Hoffmann,ehoffmann6p@ed.gov,Male,220.114.223.110
243,Abbie,Holley,aholley6q@youtu.be,Female,84.122.174.6
244,Archie,Cottle,acottle6r@dell.com,Male,49.82.117.88
245,Jerry,Sheringham,jsheringham6s@yahoo.co.jp,Male,200.128.243.213
246,Gordan,Orht,gorht6t@nasa.gov,Male,37.201.109.227
247,Clementina,Cherrie,ccherrie6u@rakuten.co.jp,Female,71.243.18.104
248,Sybil,Dionisetti,sdionisetti6v@comsenz.com,Female,108.180.175.98
249,Delcine,Heading,dheading6w@cdc.gov,Female,255.129.155.69
250,Michel,Mohamed,mmohamed6x@bandcamp.com,Genderfluid,25.3.129.100
251,Francoise,Dunridge,fdunridge6y@addtoany.com,Female,97.241.56.17
252,Barris,Voules,bvoules6z@mit.edu,Male,66.227.130.234
253,Wilmer,Paradise,wparadise70@tinypic.com,Male,2.27.216.44
254,Peadar,D'Andrea,pdandrea71@springer.com,Male,123.252.177.235
255,Eldredge,Zecchinii,ezecchinii72@github.io,Male,76.128.220.233
256,Bertrand,Brunsdon,bbrunsdon73@cbsnews.com,Male,34.154.15.141
257,Audra,Gorman,agorman74@chronoengine.com,Female,170.157.174.113
258,Zeke,Siccombe,zsiccombe75@networkadvertising.org,Male,22.107.148.247
259,Hersch,Castelyn,hcastelyn76@yahoo.com,Bigender,244.117.92.3
260,Darcee,Gladding,dgladding77@about.me,Female,165.241.195.13
261,Rubetta,Knightsbridge,rknightsbridge78@bing.com,Non-binary,25.202.46.52
262,Boonie,Manifould,bmanifould79@reverbnation.com,Genderfluid,157.141.141.23
263,Dalston,Clampe,dclampe7a@cisco.com,Male,127.40.141.193
264,Star,Isles,sisles7b@time.com,Female,29.10.190.74
265,Esther,Gannicott,egannicott7c@admin.ch,Female,161.43.120.71
266,Diahann,Paolacci,dpaolacci7d@accuweather.com,Female,120.174.197.175
267,Shaylah,Lyokhin,slyokhin7e@elegantthemes.com,Female,152.242.73.186
268,Kimmie,Tewkesbury,ktewkesbury7f@utexas.edu,Female,187.170.86.27
269,Georgina,Vaud,gvaud7g@salon.com,Female,58.60.243.102
270,Bronnie,Gerrett,bgerrett7h@kickstarter.com,Male,32.156.190.8
271,Gale,Silveston,gsilveston7i@com.com,Female,157.104.138.136
272,Lazar,MacKall,lmackall7j@artisteer.com,Male,132.37.79.119
273,Helga,Iacapucci,hiacapucci7k@mapy.cz,Female,154.169.54.1
274,Valle,Gales,vgales7l@utexas.edu,Male,97.160.3.17
275,Gunner,Foffano,gfoffano7m@aol.com,Male,171.123.19.62
276,Walton,Skipsea,wskipsea7n@comsenz.com,Male,120.154.140.221
277,Carlin,Mitrovic,cmitrovic7o@nhs.uk,Male,236.254.54.223
278,Douglas,Jerosch,djerosch7p@imdb.com,Male,54.16.190.214
279,Esdras,Yurukhin,eyurukhin7q@paypal.com,Male,109.149.61.244
280,Fulton,Bonafant,fbonafant7r@alexa.com,Male,91.26.230.77
281,Salim,Godspeede,sgodspeede7s@pbs.org,Male,124.135.101.199
282,Kasey,Postin,kpostin7t@jugem.jp,Female,234.230.98.143
283,Morry,Lottrington,mlottrington7u@auda.org.au,Male,106.142.203.45
284,Adriane,Lodford,alodford7v@wordpress.org,Female,227.13.73.49
285,Skelly,Vautre,svautre7w@springer.com,Male,224.45.100.52
286,William,Goble,wgoble7x@ustream.tv,Male,80.59.221.31
287,Jehanna,Whipple,jwhipple7y@msu.edu,Female,8.69.169.2
288,Sharla,Phillp,sphillp7z@businesswire.com,Female,4.113.46.74
289,Yancy,Le Guin,yleguin80@nhs.uk,Male,20.169.92.78
290,Kristine,Vercruysse,kvercruysse81@seesaa.net,Female,242.1.76.82
291,Shaylyn,Pesterfield,spesterfield82@live.com,Female,48.177.118.71
292,Teodoro,MacAne,tmacane83@ox.ac.uk,Male,6.115.90.189
293,Lethia,Swine,lswine84@skyrock.com,Female,94.124.109.193
294,Camilla,Keegan,ckeegan85@bing.com,Female,173.185.29.196
295,Neddie,Sleath,nsleath86@godaddy.com,Male,103.238.240.176
296,Lucio,Kindall,lkindall87@digg.com,Male,255.8.141.131
297,Laina,Awin,lawin88@bravesites.com,Bigender,159.80.22.201
298,Aubine,Foley,afoley89@mit.edu,Female,64.225.67.93
299,Opalina,Orsi,oorsi8a@etsy.com,Female,179.179.252.70
300,Alla,Tapson,atapson8b@statcounter.com,Female,224.151.244.129
301,Link,O'Cahsedy,locahsedy8c@java.com,Male,149.212.142.53
302,Padriac,Dulake,pdulake8d@dagondesign.com,Male,131.13.180.234
303,Carce,Petlyura,cpetlyura8e@craigslist.org,Male,167.139.28.119
304,Elyn,Fasset,efasset8f@huffingtonpost.com,Female,94.154.24.242
305,Rinaldo,Scola,rscola8g@ted.com,Male,6.173.82.145
306,Christean,Lapping,clapping8h@ebay.com,Female,176.123.26.202
307,Lyda,Dumigan,ldumigan8i@ebay.com,Female,194.49.252.130
308,Aggi,Rysom,arysom8j@cnn.com,Female,177.117.134.248
309,Sibyl,Bruster,sbruster8k@state.tx.us,Agender,166.125.21.166
310,Filmore,Carrabott,fcarrabott8l@spiegel.de,Male,88.158.11.78
311,Maryl,Andrelli,mandrelli8m@163.com,Female,206.14.210.216
312,Emmanuel,Balston,ebalston8n@washingtonpost.com,Male,161.228.62.145
313,Galven,Pimerick,gpimerick8o@wiley.com,Male,141.191.230.128
314,Homerus,Shreenan,hshreenan8p@ezinearticles.com,Male,112.53.7.16
315,Vern,Gridon,vgridon8q@wordpress.com,Male,196.184.5.115
316,Fransisco,Godlee,fgodlee8r@123-reg.co.uk,Polygender,235.15.4.95
317,Maximilian,Barti,mbarti8s@spiegel.de,Male,108.139.171.21
318,Maury,Angove,mangove8t@prweb.com,Male,178.196.37.40
319,Pooh,Brandon,pbrandon8u@bravesites.com,Female,145.222.154.81
320,Perrine,Beatson,pbeatson8v@wikipedia.org,Female,21.254.154.189
321,Devonne,Billing,dbilling8w@e-recht24.de,Female,231.133.144.160
322,Bartram,Girsch,bgirsch8x@yandex.ru,Male,202.117.28.107
323,Sholom,Hazelby,shazelby8y@cisco.com,Male,12.129.4.16
324,Garv,Rawlinson,grawlinson8z@google.nl,Male,184.62.190.176
325,Sidoney,Spong,sspong90@flickr.com,Female,34.241.128.50
326,Alecia,Howerd,ahowerd91@bloglovin.com,Female,242.250.48.48
327,Elspeth,Bower,ebower92@stanford.edu,Female,34.184.4.75
328,Nikolia,Baalham,nbaalham93@comcast.net,Female,85.88.47.152
329,Beilul,Austins,baustins94@odnoklassniki.ru,Female,140.233.183.74
330,Minna,Confort,mconfort95@imageshack.us,Female,233.179.156.46
331,Larina,Buzzing,lbuzzing96@zdnet.com,Female,138.77.57.234
332,Chancey,Pavkovic,cpavkovic97@discovery.com,Male,34.145.244.57
333,Marci,McCrackan,mmccrackan98@1und1.de,Female,42.43.96.21
334,Anetta,Cracie,acracie99@vk.com,Female,32.61.6.192
335,Winny,Klich,wklich9a@ed.gov,Female,199.27.139.240
336,Charmain,Humphries,chumphries9b@vk.com,Genderqueer,49.162.40.54
337,Eveleen,Hallen,ehallen9c@trellian.com,Female,189.213.169.151
338,Gav,de'-Ancy Willis,gdeancywillis9d@tuttocitta.it,Male,251.127.42.102
339,Garfield,Leathwood,gleathwood9e@adobe.com,Male,212.241.43.167
340,Ruddy,Lochran,rlochran9f@parallels.com,Male,57.188.226.138
341,Marty,De Avenell,mdeavenell9g@adobe.com,Male,12.206.139.131
342,Huberto,Spriddle,hspriddle9h@reverbnation.com,Male,139.209.248.187
343,Wanda,Harle,wharle9i@upenn.edu,Female,37.186.75.65
344,Noam,Brauns,nbrauns9j@webmd.com,Male,81.113.126.52
345,Mil,Bromet,mbromet9k@deliciousdays.com,Female,126.212.74.210
346,Vally,Jirek,vjirek9l@ow.ly,Female,199.206.142.1
347,Carlos,Delamaine,cdelamaine9m@uiuc.edu,Male,156.80.247.155
348,Vanna,Pimbley,vpimbley9n@state.tx.us,Female,149.243.145.6
349,Fayette,Leupoldt,fleupoldt9o@creativecommons.org,Female,162.128.129.253
350,Corry,Densie,cdensie9p@woothemes.com,Female,40.21.46.185
351,Kylie,Bartolozzi,kbartolozzi9q@mlb.com,Male,123.89.204.145
352,Miltie,Beastall,mbeastall9r@aol.com,Male,5.154.25.245
353,Vasilis,Cornilleau,vcornilleau9s@g.co,Male,199.215.120.209
354,Reyna,Whitesel,rwhitesel9t@scientificamerican.com,Bigender,54.252.149.31
355,Cyndie,Sorey,csorey9u@mapquest.com,Female,2.225.40.20
356,Moina,Shernock,mshernock9v@paginegialle.it,Female,239.13.15.138
357,David,Hindhaugh,dhindhaugh9w@accuweather.com,Male,114.37.114.92
358,Jillie,Sarfati,jsarfati9x@rakuten.co.jp,Female,93.223.222.147
359,Tracie,Haggard,thaggard9y@bigcartel.com,Male,163.14.150.61
360,Che,Plumley,cplumley9z@nsw.gov.au,Male,182.243.123.100
361,Kristofer,Egentan,kegentana0@economist.com,Male,103.250.16.8
362,Margarethe,Pyrton,mpyrtona1@biblegateway.com,Female,3.252.73.56
363,Tyne,Gillicuddy,tgillicuddya2@mtv.com,Female,29.47.82.192
364,Shea,Eighteen,seighteena3@infoseek.co.jp,Female,43.172.16.242
365,Fidel,Pettis,fpettisa4@whitehouse.gov,Male,86.227.23.200
366,Harmonia,Bingham,hbinghama5@uol.com.br,Female,104.217.77.209
367,Allyn,Orsman,aorsmana6@arizona.edu,Female,238.227.251.5
368,Angelico,Coldbreath,acoldbreatha7@ezinearticles.com,Male,18.87.220.229
369,Charleen,Jeannaud,cjeannauda8@cnet.com,Female,67.186.58.177
370,Minta,Navaro,mnavaroa9@guardian.co.uk,Female,173.110.18.243
371,Deane,Tudhope,dtudhopeaa@shop-pro.jp,Male,179.218.254.106
372,Georgena,Blackborough,gblackboroughab@oaic.gov.au,Agender,157.69.217.150
373,Zacharie,O'Donohue,zodonohueac@bloglovin.com,Genderfluid,185.29.59.178
374,Bartram,Chubb,bchubbad@nydailynews.com,Male,163.171.98.103
375,Kean,Denyer,kdenyerae@cargocollective.com,Male,77.99.37.127
376,Tersina,Riccetti,triccettiaf@dell.com,Female,155.12.181.182
377,Glynis,Crapper,gcrapperag@youtube.com,Female,105.132.104.62
378,Fielding,Brandom,fbrandomah@php.net,Male,251.48.199.119
379,Nadiya,Rochewell,nrochewellai@berkeley.edu,Female,114.116.249.50
380,Katharina,Cattermoul,kcattermoulaj@instagram.com,Agender,136.57.239.120
381,Colas,Brittles,cbrittlesak@ameblo.jp,Male,143.112.164.205
382,Levey,Sherrard,lsherrardal@wikimedia.org,Bigender,210.108.150.188
383,Dallas,Confort,dconfortam@taobao.com,Male,58.69.213.59
384,Jeremiah,Secrett,jsecrettan@cdbaby.com,Male,16.246.105.212
385,Flynn,Lehmann,flehmannao@cnn.com,Male,28.121.253.250
386,Andres,Stockdale,astockdaleap@virginia.edu,Male,241.21.42.222
387,Port,Cream,pcreamaq@weebly.com,Bigender,19.246.231.101
388,Casie,Werrit,cwerritar@flavors.me,Female,99.160.250.214
389,Gaby,Filintsev,gfilintsevas@sourceforge.net,Genderqueer,76.47.190.210
390,Sylvia,Ousley,sousleyat@wikia.com,Female,91.63.157.234
391,Kylynn,Connew,kconnewau@simplemachines.org,Agender,155.172.157.23
392,Larry,Jeannon,ljeannonav@nationalgeographic.com,Male,121.174.130.63
393,Emmeline,Rowly,erowlyaw@reference.com,Female,128.40.0.144
394,Caresa,Garrad,cgarradax@ucsd.edu,Female,176.172.129.122
395,Anette,Keitley,akeitleyay@theatlantic.com,Female,102.221.148.23
396,Friedrick,Jiricka,fjirickaaz@aboutads.info,Male,127.223.30.50
397,Vivien,Greensitt,vgreensittb0@blinklist.com,Female,100.162.151.216
398,Giraldo,Packer,gpackerb1@yellowbook.com,Genderfluid,172.19.35.109
399,Libbie,Chipchase,lchipchaseb2@1und1.de,Female,129.237.152.26
400,Moyra,Bruun,mbruunb3@nih.gov,Female,178.176.45.70
401,Daryl,Moulding,dmouldingb4@uol.com.br,Female,27.74.109.141
402,Hoebart,Gatrell,hgatrellb5@privacy.gov.au,Male,194.201.73.100
403,Wilona,Ewbach,wewbachb6@census.gov,Female,188.78.182.240
404,Simone,Culwen,sculwenb7@fastcompany.com,Male,209.203.109.109
405,Eran,Wankling,ewanklingb8@cocolog-nifty.com,Female,53.107.188.203
406,Casar,Carnier,ccarnierb9@livejournal.com,Male,200.87.204.200
407,Averyl,Cota,acotaba@ebay.co.uk,Female,128.20.69.216
408,Thornie,Renol,trenolbb@theguardian.com,Male,180.158.141.206
409,Geri,Arter,garterbc@ning.com,Male,219.227.17.237
410,Chrissy,Driver,cdriverbd@hibu.com,Male,99.70.246.239
411,Lucho,Heatley,lheatleybe@shutterfly.com,Genderqueer,230.190.35.25
412,Trixie,de Grey,tdegreybf@salon.com,Female,70.190.109.213
413,Dorian,Opie,dopiebg@prweb.com,Female,128.43.147.131
414,Ethelda,Sweett,esweettbh@washington.edu,Female,6.78.227.241
415,Abbott,Haydn,ahaydnbi@mapy.cz,Male,30.182.113.254
416,Izzy,Windle,iwindlebj@nhs.uk,Polygender,100.112.4.12
417,Edsel,Wilbraham,ewilbrahambk@reverbnation.com,Male,152.251.179.117
418,Seward,Chettle,schettlebl@examiner.com,Non-binary,30.242.227.229
419,Felicio,Bawden,fbawdenbm@va.gov,Male,135.167.28.112
420,Brenda,Mattaus,bmattausbn@moonfruit.com,Female,30.55.234.179
421,Burty,Redmile,bredmilebo@livejournal.com,Polygender,152.77.31.43
422,Carlos,Pietrowicz,cpietrowiczbp@hugedomains.com,Male,14.57.184.196
423,Demetre,Polin,dpolinbq@domainmarket.com,Male,133.197.239.113
424,Jaye,Wibrow,jwibrowbr@amazon.co.jp,Male,32.185.86.189
425,Felike,Liveley,fliveleybs@1und1.de,Male,58.251.222.213
426,Malachi,Bage,mbagebt@baidu.com,Male,24.86.109.212
427,Kirbie,Batteson,kbattesonbu@yolasite.com,Female,197.252.50.192
428,Eugenio,Gorvette,egorvettebv@ucoz.ru,Male,111.196.233.241
429,Napoleon,Parsons,nparsonsbw@creativecommons.org,Male,44.35.192.90
430,Rodd,De Giorgis,rdegiorgisbx@craigslist.org,Bigender,16.228.29.205
431,Mariann,Kuhndel,mkuhndelby@yale.edu,Genderfluid,53.240.204.124
432,Price,Winward,pwinwardbz@google.nl,Male,225.229.236.207
433,Nobie,MacPeake,nmacpeakec0@rakuten.co.jp,Male,144.192.81.84
434,Joshua,Mew,jmewc1@parallels.com,Male,93.188.244.139
435,Hal,Skupinski,hskupinskic2@creativecommons.org,Male,197.202.44.29
436,Stanislaw,Guys,sguysc3@thetimes.co.uk,Male,110.78.99.41
437,Pier,Pitcher,ppitcherc4@cocolog-nifty.com,Genderqueer,233.65.30.110
438,Meta,Pechell,mpechellc5@canalblog.com,Female,214.168.138.163
439,Dion,Duthie,dduthiec6@networkadvertising.org,Female,86.42.58.12
440,Francine,Morrison,fmorrisonc7@va.gov,Female,176.154.67.72
441,Celina,Navein,cnaveinc8@gizmodo.com,Female,1.73.17.177
442,Aidan,Sooley,asooleyc9@addthis.com,Female,224.117.190.34
443,Kenny,Gerold,kgeroldca@arizona.edu,Male,146.229.48.74
444,Jordon,Priddie,jpriddiecb@seattletimes.com,Male,167.52.13.251
445,Sinclair,Soloway,ssolowaycc@umich.edu,Male,11.190.133.107
446,Amabelle,Entissle,aentisslecd@fc2.com,Female,89.71.133.144
447,Allyson,Dunsire,adunsirece@desdev.cn,Female,118.165.99.220
448,Sumner,Yersin,syersincf@sohu.com,Male,238.184.153.119
449,Nedi,Coode,ncoodecg@twitpic.com,Polygender,4.211.196.221
450,Tucker,Vickerman,tvickermanch@ucoz.com,Male,214.190.141.152
451,Edik,Gaythor,egaythorci@springer.com,Male,14.119.99.11
452,Rosmunda,Sherringham,rsherringhamcj@posterous.com,Agender,234.143.186.96
453,Lothaire,Keegan,lkeeganck@lulu.com,Genderfluid,46.212.231.232
454,Claybourne,Dignon,cdignoncl@youtu.be,Male,133.10.230.114
455,Neil,Lockitt,nlockittcm@w3.org,Polygender,124.170.172.140
456,Bertram,Boriston,bboristoncn@blog.com,Male,82.149.136.48
457,Even,Dumbelton,edumbeltonco@smh.com.au,Male,121.217.205.35
458,Selig,Plews,splewscp@cloudflare.com,Male,201.233.8.146
459,Klemens,Pieroni,kpieronicq@europa.eu,Male,56.90.185.250
460,Marjie,Soulsby,msoulsbycr@tiny.cc,Female,70.78.172.124
461,Branden,Toretta,btorettacs@bigcartel.com,Male,120.9.235.19
462,Sibley,Dullingham,sdullinghamct@mapquest.com,Genderqueer,124.181.217.179
463,Herculie,Crowdson,hcrowdsoncu@phoca.cz,Male,140.104.197.167
464,Berty,Minihane,bminihanecv@vk.com,Male,116.211.142.14
465,Sheffield,Weatherill,sweatherillcw@discuz.net,Male,124.66.7.247
466,Louie,Amies,lamiescx@google.com,Male,245.11.107.249
467,Ansell,Liles,alilescy@noaa.gov,Male,157.115.63.244
468,Lissa,Wetherick,lwetherickcz@census.gov,Female,117.161.221.106
469,Ethelbert,Gatchel,egatcheld0@ameblo.jp,Male,228.154.138.200
470,Ivett,Bradly,ibradlyd1@ehow.com,Female,104.106.222.237
471,Gregg,Majury,gmajuryd2@illinois.edu,Male,185.234.75.212
472,Pavel,Rowswell,prowswelld3@geocities.jp,Male,160.133.172.60
473,Amelie,Denziloe,adenziloed4@weather.com,Bigender,199.64.26.148
474,Andree,Denne,adenned5@multiply.com,Female,251.131.25.156
475,Georgeanna,Desantis,gdesantisd6@wikimedia.org,Female,126.90.84.43
476,Madison,Wragg,mwraggd7@yahoo.com,Male,189.139.50.41
477,Renate,Ellingford,rellingfordd8@mozilla.com,Female,94.12.205.156
478,Ahmad,Tanzig,atanzigd9@pagesperso-orange.fr,Male,252.24.54.23
479,Frasquito,Salmon,fsalmonda@mtv.com,Male,151.213.160.71
480,Caesar,Bartolic,cbartolicdb@vimeo.com,Male,36.174.109.86
481,Elke,Waddy,ewaddydc@comcast.net,Female,154.110.11.2
482,Brade,Vickarman,bvickarmandd@noaa.gov,Male,151.242.199.169
483,Marylin,Neeves,mneevesde@pbs.org,Female,105.215.217.116
484,Amery,Edmeads,aedmeadsdf@google.pl,Male,197.233.17.6
485,Antonietta,Vearnals,avearnalsdg@vistaprint.com,Female,131.128.5.99
486,Tabbi,Braune,tbraunedh@eventbrite.com,Female,181.192.36.32
487,Emile,Penylton,epenyltondi@ifeng.com,Male,203.32.144.177
488,Dulcy,Silverman,dsilvermandj@jimdo.com,Female,95.72.95.201
489,Clarice,Ciccoloi,cciccoloidk@free.fr,Female,77.154.45.138
490,Rainer,Maxwell,rmaxwelldl@samsung.com,Male,10.127.89.221
491,Filbert,MacGown,fmacgowndm@yahoo.co.jp,Male,84.73.203.166
492,Elianora,Leyfield,eleyfielddn@goo.gl,Female,107.73.12.43
493,Nikoletta,Realph,nrealphdo@e-recht24.de,Female,245.80.86.238
494,Kirk,Nelmes,knelmesdp@globo.com,Male,225.88.158.31
495,Madalena,Josifovic,mjosifovicdq@mapquest.com,Female,92.154.102.62
496,Stormi,Stollenbeck,sstollenbeckdr@ox.ac.uk,Female,243.248.98.120
497,Isidoro,Bunny,ibunnyds@amazon.com,Male,86.126.102.183
498,Thorn,Fearick,tfearickdt@geocities.com,Male,138.28.15.1
499,Ynez,Silber,ysilberdu@php.net,Female,82.226.46.204
500,Miquela,Gritsunov,mgritsunovdv@arstechnica.com,Female,204.246.228.236
501,Blondie,Whittall,bwhittalldw@creativecommons.org,Genderqueer,96.245.92.74
502,Pippy,Carson,pcarsondx@washington.edu,Female,78.229.162.55
503,Shirlee,Ottery,sotterydy@netlog.com,Female,188.171.75.127
504,Muffin,Milam,mmilamdz@sfgate.com,Polygender,52.195.208.150
505,Christye,Toffoloni,ctoffolonie0@4shared.com,Female,60.209.49.133
506,Johny,Dwight,jdwighte1@fda.gov,Male,73.138.169.27
507,Oren,Burgher,oburghere2@theguardian.com,Male,163.174.119.61
508,Milzie,Rhubottom,mrhubottome3@ucsd.edu,Female,127.79.202.179
509,Deane,Blackway,dblackwaye4@xing.com,Genderfluid,197.253.217.83
510,Asher,Busen,abusene5@ask.com,Male,235.158.113.240
511,Cynthie,Mcall,cmcalle6@123-reg.co.uk,Female,186.27.222.215
512,Early,Seyers,eseyerse7@cnn.com,Male,14.72.196.146
513,Garvy,Fancutt,gfancutte8@soundcloud.com,Genderqueer,226.97.121.195
514,Julio,Mazzey,jmazzeye9@fastcompany.com,Male,137.150.73.168
515,Annis,Spellicy,aspellicyea@java.com,Female,10.166.60.156
516,Brooke,Tomczykowski,btomczykowskieb@cmu.edu,Female,72.54.106.128
517,Sherwin,Rocca,sroccaec@eventbrite.com,Male,179.102.242.31
518,Joyous,Agney,jagneyed@usgs.gov,Female,20.144.170.24
519,Lorrie,Dickins,ldickinsee@hp.com,Female,122.36.238.137
520,Fred,Cheel,fcheelef@loc.gov,Male,19.103.106.37
521,L;urette,Spring,lspringeg@nbcnews.com,Bigender,196.201.14.192
522,Tawnya,Crum,tcrumeh@narod.ru,Genderfluid,212.29.114.230
523,Patton,Verzey,pverzeyei@a8.net,Male,57.85.7.172
524,Edlin,Phant,ephantej@foxnews.com,Male,119.51.137.190
525,Marcille,Sprague,mspragueek@cdc.gov,Female,142.151.209.235
526,Rudie,Eckersall,reckersallel@ftc.gov,Male,192.173.64.48
527,Arabele,O'Longain,aolongainem@abc.net.au,Female,102.135.27.226
528,Marika,Thoma,mthomaen@squarespace.com,Female,12.158.173.13
529,Shellysheldon,Clavering,sclaveringeo@privacy.gov.au,Male,27.76.210.200
530,Tremain,Smithies,tsmithiesep@i2i.jp,Male,39.33.41.191
531,Chiarra,Skews,cskewseq@shop-pro.jp,Female,92.206.148.56
532,Nowell,Leaf,nleafer@blinklist.com,Male,45.40.34.40
533,Westley,Piser,wpiseres@hostgator.com,Male,229.8.84.25
534,Harold,Pirrone,hpirroneet@indiatimes.com,Male,98.201.77.167
535,Florian,Jeannaud,fjeannaudeu@xing.com,Male,55.103.209.124
536,Cate,Courtes,ccourtesev@privacy.gov.au,Polygender,107.239.228.186
537,Courtney,Kardos-Stowe,ckardosstoweew@studiopress.com,Female,206.208.156.249
538,Nari,Fahey,nfaheyex@icq.com,Female,177.221.191.187
539,Kenton,Binnell,kbinnelley@deliciousdays.com,Male,35.169.64.226
540,Zebulen,McKendo,zmckendoez@japanpost.jp,Male,117.190.194.244
541,Kearney,Kidner,kkidnerf0@globo.com,Male,106.105.237.118
542,Abner,Kaine,akainef1@quantcast.com,Agender,217.2.64.46
543,Doralynn,Bulgen,dbulgenf2@oakley.com,Female,190.100.170.175
544,Gibb,Blofeld,gblofeldf3@etsy.com,Male,170.247.230.144
545,Ryann,Bentjens,rbentjensf4@state.tx.us,Female,150.216.156.173
546,Osgood,Talby,otalbyf5@about.me,Male,39.191.108.19
547,Corliss,Bastone,cbastonef6@mozilla.com,Female,189.73.59.134
548,Grannie,Bordone,gbordonef7@narod.ru,Male,126.170.195.231
549,Glory,Eschalotte,geschalottef8@un.org,Female,245.247.21.236
550,Barris,Lingard,blingardf9@blinklist.com,Male,106.102.163.129
551,Wileen,Richfield,wrichfieldfa@hatena.ne.jp,Agender,122.161.121.95
552,Eli,McVrone,emcvronefb@yolasite.com,Polygender,89.153.122.185
553,Skipton,Follos,sfollosfc@independent.co.uk,Male,234.137.213.163
554,Piotr,Story,pstoryfd@youtu.be,Male,80.7.115.49
555,Ashely,Fenelow,afenelowfe@com.com,Female,126.167.166.109
556,Nealon,Pignon,npignonff@intel.com,Male,203.34.137.209
557,Fielding,Bradd,fbraddfg@cbslocal.com,Male,105.101.237.207
558,Tessa,von Hagt,tvonhagtfh@sciencedirect.com,Female,46.38.188.249
559,Min,Condliffe,mcondliffefi@acquirethisname.com,Female,247.2.138.225
560,Trev,Heaslip,theaslipfj@mac.com,Male,147.43.57.88
561,Tova,Meekins,tmeekinsfk@mediafire.com,Female,198.129.251.37
562,Elisa,Eeles,eeelesfl@oakley.com,Female,82.169.76.95
563,Mort,Cheston,mchestonfm@archive.org,Male,43.62.139.78
564,Margarete,Earsman,mearsmanfn@bloomberg.com,Female,39.3.57.206
565,Der,Freshwater,dfreshwaterfo@sun.com,Male,185.220.6.215
566,Hilton,Kleint,hkleintfp@gov.uk,Male,97.117.45.178
567,Augy,McSkeagan,amcskeaganfq@timesonline.co.uk,Male,224.199.133.58
568,Chev,Romanelli,cromanellifr@aol.com,Male,206.36.9.194
569,Anny,Kloisner,akloisnerfs@wsj.com,Female,37.14.246.115
570,Boycie,Jeeves,bjeevesft@xing.com,Male,233.158.50.107
571,Nannette,Yezafovich,nyezafovichfu@archive.org,Female,128.25.245.113
572,Siward,Klemke,sklemkefv@domainmarket.com,Male,108.76.87.211
573,Jarrod,MacAskie,jmacaskiefw@dailymail.co.uk,Male,155.67.147.146
574,Yvon,Gallaher,ygallaherfx@mapy.cz,Male,123.188.66.105
575,Binny,Praten,bpratenfy@jiathis.com,Female,15.248.52.192
576,Sarge,Marzelle,smarzellefz@vinaora.com,Male,106.49.111.119
577,Mair,Maulkin,mmaulking0@artisteer.com,Female,90.69.63.230
578,Pearle,Blankhorn,pblankhorng1@deliciousdays.com,Female,24.99.20.6
579,Noellyn,Galero,ngalerog2@issuu.com,Female,71.129.142.21
580,Mendie,Kendle,mkendleg3@youku.com,Male,40.111.133.180
581,Inessa,Flanne,iflanneg4@uiuc.edu,Female,227.192.244.76
582,Ginevra,Dusting,gdustingg5@paginegialle.it,Female,45.12.214.193
583,Chip,Hadwin,chadwing6@rambler.ru,Male,225.103.97.67
584,Jedediah,Livermore,jlivermoreg7@a8.net,Male,14.23.243.113
585,Meggy,Heaton,mheatong8@google.de,Non-binary,189.15.41.31
586,Ethelbert,Pedlar,epedlarg9@ft.com,Male,214.62.216.157
587,Ellyn,Rivers,eriversga@123-reg.co.uk,Female,46.202.247.50
588,Thane,Johl,tjohlgb@miibeian.gov.cn,Male,229.255.233.96
589,Fields,Collingridge,fcollingridgegc@timesonline.co.uk,Male,186.6.173.170
590,Sissie,Kimbling,skimblinggd@jigsy.com,Female,62.48.214.163
591,Adah,Meneur,ameneurge@slate.com,Genderfluid,205.72.149.91
592,Hussein,Neale,hnealegf@wiley.com,Male,155.75.171.143
593,Deedee,Glantz,dglantzgg@nba.com,Female,22.98.23.38
594,Andra,Ceschi,aceschigh@multiply.com,Female,235.181.226.197
595,Guinna,Ownsworth,gownsworthgi@blog.com,Female,92.252.20.158
596,Carolee,Toffetto,ctoffettogj@eepurl.com,Female,18.254.47.245
597,Diann,Breyt,dbreytgk@aol.com,Female,0.162.1.192
598,Lynea,Lanfranconi,llanfranconigl@plala.or.jp,Female,162.36.242.152
599,Hewie,Fellgett,hfellgettgm@fc2.com,Male,75.219.128.66
600,Bibbie,Cozby,bcozbygn@redcross.org,Female,136.185.9.199
601,Harold,Vigus,hvigusgo@fc2.com,Male,103.183.35.131
602,Demetrius,Dalyiel,ddalyielgp@mozilla.com,Male,217.111.99.193
603,Caitrin,Binns,cbinnsgq@g.co,Female,53.4.54.208
604,Thayne,Barby,tbarbygr@wsj.com,Male,10.147.148.80
605,Phil,Lorenzetti,plorenzettigs@ustream.tv,Male,215.181.205.204
606,Frederick,Corssen,fcorssengt@princeton.edu,Male,14.173.178.238
607,Hanan,Laverick,hlaverickgu@ucoz.ru,Male,168.139.57.233
608,Levin,Engelbrecht,lengelbrechtgv@oracle.com,Male,45.165.153.187
609,Marissa,Palley,mpalleygw@irs.gov,Female,38.205.32.203
610,Boot,Berthouloume,bberthouloumegx@slate.com,Genderqueer,252.44.30.45
611,Towney,Noe,tnoegy@berkeley.edu,Male,197.142.116.113
612,Virgil,Glaserman,vglasermangz@jigsy.com,Male,228.232.86.115
613,Pen,Thome,pthomeh0@ning.com,Male,64.59.91.35
614,Venus,Kopp,vkopph1@smh.com.au,Female,252.144.160.163
615,Edlin,Eytel,eeytelh2@umich.edu,Male,149.185.97.137
616,Adelina,Yakubowicz,ayakubowiczh3@freewebs.com,Female,180.218.26.179
617,Leontyne,Kender,lkenderh4@yellowpages.com,Female,29.164.142.245
618,Dacy,Skipsey,dskipseyh5@huffingtonpost.com,Female,34.238.207.212
619,Eudora,Kohrding,ekohrdingh6@nba.com,Female,163.209.205.92
620,Yvette,Aldous,yaldoush7@boston.com,Female,111.66.226.120
621,Onfre,Labusquiere,olabusquiereh8@zdnet.com,Male,214.199.116.224
622,Rafaello,Assender,rassenderh9@tuttocitta.it,Male,102.152.130.44
623,Joela,Ksandra,jksandraha@surveymonkey.com,Female,113.76.245.58
624,Cass,Lindfors,clindforshb@un.org,Male,183.98.13.241
625,Goran,Wing,gwinghc@sciencedirect.com,Male,25.189.13.13
626,Sigismundo,Quaif,squaifhd@rakuten.co.jp,Male,1.113.174.114
627,Gonzales,Jendas,gjendashe@is.gd,Male,193.208.226.245
628,Cathlene,Harnetty,charnettyhf@1und1.de,Non-binary,228.120.38.108
629,Joella,Battison,jbattisonhg@theatlantic.com,Female,87.77.251.254
630,Emeline,Cossum,ecossumhh@live.com,Female,29.75.64.203
631,Kerrill,O' Gara,kogarahi@youtu.be,Female,76.215.202.228
632,Gregg,Volonte,gvolontehj@bizjournals.com,Male,18.225.47.133
633,Tadeo,Glenfield,tglenfieldhk@shinystat.com,Male,196.64.153.225
634,Basilius,Welfair,bwelfairhl@google.ca,Male,180.67.122.123
635,Gertrudis,Benez,gbenezhm@jugem.jp,Female,154.134.243.42
636,Liz,Ginnane,lginnanehn@scientificamerican.com,Female,61.27.1.55
637,Margie,Tolumello,mtolumelloho@youku.com,Female,225.60.12.250
638,Thor,Geraud,tgeraudhp@ucsd.edu,Male,25.230.104.26
639,Richardo,Stainburn,rstainburnhq@webmd.com,Male,75.159.158.48
640,Sandra,Gerant,sgeranthr@rambler.ru,Female,167.217.219.35
641,Lonnie,Emm,lemmhs@multiply.com,Female,57.63.127.219
642,Ahmad,Tapper,atapperht@dailymotion.com,Male,231.215.228.228
643,Skippie,MacAskill,smacaskillhu@npr.org,Male,158.52.172.166
644,Anatol,Feeney,afeeneyhv@people.com.cn,Genderfluid,24.34.228.79
645,Joey,Sutworth,jsutworthhw@cbc.ca,Male,38.53.39.86
646,Marcy,Jahnel,mjahnelhx@is.gd,Female,238.211.109.215
647,Kurt,Dubble,kdubblehy@irs.gov,Male,104.121.217.91
648,Pru,Kennington,pkenningtonhz@tinypic.com,Female,147.205.191.34
649,Cello,Scholl,cscholli0@storify.com,Male,104.131.79.65
650,Neala,Honsch,nhonschi1@youku.com,Female,102.221.53.92
651,Cristionna,O'Dougherty,codoughertyi2@unesco.org,Polygender,138.230.46.77
652,Kaela,Carcas,kcarcasi3@sciencedaily.com,Female,216.110.26.242
653,Charmain,Isabell,cisabelli4@hatena.ne.jp,Female,82.130.64.15
654,Germaine,Thomasset,gthomasseti5@twitpic.com,Male,124.114.79.81
655,Mendel,Naire,mnairei6@foxnews.com,Male,219.24.169.105
656,Josee,Passfield,jpassfieldi7@paypal.com,Female,144.195.84.64
657,Ailyn,Inmett,ainmetti8@t.co,Female,133.168.152.57
658,Cad,Halson,chalsoni9@reference.com,Agender,171.108.233.117
659,Cirillo,Stainland,cstainlandia@imdb.com,Male,103.15.123.137
660,Bendite,Blant,bblantib@nih.gov,Female,107.24.146.50
661,Katlin,Saphir,ksaphiric@4shared.com,Female,53.146.254.92
662,Lorelei,Muckleston,lmucklestonid@jalbum.net,Female,233.89.10.243
663,Mathias,Everit,meveritie@miibeian.gov.cn,Male,100.208.88.124
664,Kelby,Evins,kevinsif@wikia.com,Male,241.27.111.152
665,Gray,Searston,gsearstonig@yandex.ru,Bigender,188.111.202.85
666,Moss,Toynbee,mtoynbeeih@wix.com,Male,186.95.75.29
667,Karie,Meale,kmealeii@biblegateway.com,Female,149.159.71.25
668,Vaughan,Patching,vpatchingij@wikia.com,Male,173.211.21.153
669,Carlin,Armand,carmandik@scientificamerican.com,Male,41.79.208.134
670,Linet,Varnes,lvarnesil@livejournal.com,Female,162.92.65.157
671,Lotti,Bertwistle,lbertwistleim@geocities.com,Female,19.29.230.150
672,Phedra,Lamberth,plamberthin@delicious.com,Female,219.107.142.218
673,Inglis,Muddicliffe,imuddicliffeio@zimbio.com,Male,167.215.81.154
674,Karissa,Kenwin,kkenwinip@paginegialle.it,Female,185.166.200.107
675,Olly,Trattles,otrattlesiq@chicagotribune.com,Female,79.169.191.190
676,Eduino,Mottinelli,emottinelliir@springer.com,Male,117.61.111.117
677,Aron,Mackett,amackettis@booking.com,Male,243.197.254.38
678,Nan,Yukhnev,nyukhnevit@dell.com,Female,242.215.242.174
679,Maxine,Goodlip,mgoodlipiu@ezinearticles.com,Female,106.75.221.187
680,Maudie,Comello,mcomelloiv@altervista.org,Female,197.240.206.195
681,Willem,Aire,waireiw@shinystat.com,Male,23.180.48.92
682,Dolph,Razzell,drazzellix@ask.com,Male,146.24.3.85
683,Korella,Krelle,kkrelleiy@woothemes.com,Female,163.102.30.204
684,Dud,Clapperton,dclappertoniz@epa.gov,Male,130.216.218.162
685,Laurie,Marciek,lmarciekj0@sitemeter.com,Male,195.247.160.168
686,Nickolas,Mooring,nmooringj1@hibu.com,Male,254.236.251.101
687,Tallia,O'Dee,todeej2@cnet.com,Female,119.224.82.152
688,Franchot,Raecroft,fraecroftj3@buzzfeed.com,Male,231.195.174.58
689,Rockwell,Demangeon,rdemangeonj4@nytimes.com,Male,38.124.72.38
690,Hendrick,Cund,hcundj5@goodreads.com,Male,196.243.146.52
691,Berkley,Sandiford,bsandifordj6@cbsnews.com,Male,177.17.186.83
692,Henderson,Filmer,hfilmerj7@tumblr.com,Bigender,189.196.16.196
693,Emmi,Toke,etokej8@jigsy.com,Female,3.191.163.193
694,Marcelo,Baumber,mbaumberj9@webs.com,Male,187.158.211.243
695,Cornell,Campos,ccamposja@bizjournals.com,Male,252.174.66.187
696,Dahlia,Hill,dhilljb@bbc.co.uk,Female,107.231.128.44
697,Maurizia,Mateuszczyk,mmateuszczykjc@multiply.com,Female,68.151.225.112
698,Nicolai,Proger,nprogerjd@360.cn,Male,238.159.223.111
699,Ingra,Goshawk,igoshawkje@t.co,Male,213.253.49.76
700,Durante,Cossell,dcosselljf@sfgate.com,Male,231.200.82.107
701,Ryley,Wurst,rwurstjg@cyberchimps.com,Male,137.172.236.170
702,Hobart,Cutmere,hcutmerejh@unesco.org,Male,193.124.129.208
703,Cordell,Tregona,ctregonaji@wordpress.org,Male,135.169.150.214
704,Maison,Shord,mshordjj@trellian.com,Male,220.125.157.41
705,Antoni,Oldershaw,aoldershawjk@homestead.com,Male,174.99.36.91
706,Mechelle,Edgin,medginjl@ameblo.jp,Female,158.201.28.233
707,Alejandra,Daniellot,adaniellotjm@tinyurl.com,Female,208.50.131.133
708,Marin,Hillitt,mhillittjn@kickstarter.com,Female,58.116.203.174
709,Grete,Flewitt,gflewittjo@histats.com,Female,235.152.32.134
710,Hersh,Loynton,hloyntonjp@tumblr.com,Male,242.208.103.153
711,Berthe,Rewcastle,brewcastlejq@mediafire.com,Female,232.32.216.71
712,Pablo,Winscum,pwinscumjr@businessweek.com,Male,5.203.84.48
713,Gill,Edy,gedyjs@wp.com,Male,148.255.236.36
714,Silvie,Aindriu,saindriujt@java.com,Female,117.105.173.46
715,Roselin,Roache,rroacheju@opensource.org,Female,163.225.161.113
716,Marijn,Over,moverjv@thetimes.co.uk,Agender,40.2.187.111
717,Fabien,Ealden,fealdenjw@ft.com,Male,142.133.226.64
718,Lorry,Ballchin,lballchinjx@umn.edu,Male,51.131.204.233
719,Sarette,Oakland,soaklandjy@ovh.net,Female,212.42.113.181
720,Mordy,Antram,mantramjz@cbsnews.com,Male,179.15.170.205
721,Ransom,Menichelli,rmenichellik0@bbb.org,Male,112.183.36.247
722,Stephan,Aries,sariesk1@gnu.org,Non-binary,235.172.178.65
723,Stella,Peller,spellerk2@kickstarter.com,Female,255.101.201.207
724,Clevey,Enright,cenrightk3@ibm.com,Male,254.182.160.117
725,Cy,Yewdell,cyewdellk4@booking.com,Male,222.202.12.91
726,Roxanne,Roycroft,rroycroftk5@list-manage.com,Female,98.242.49.151
727,Lamar,Royl,lroylk6@senate.gov,Male,176.201.117.212
728,Galven,Codrington,gcodringtonk7@cnbc.com,Male,49.195.170.44
729,Dagmar,Dran,ddrank8@altervista.org,Genderfluid,223.123.220.174
730,Maryanne,Hammell,mhammellk9@e-recht24.de,Female,68.12.164.92
731,Benji,Kearns,bkearnska@bigcartel.com,Male,142.224.39.236
732,Gayla,Hellwich,ghellwichkb@mlb.com,Female,83.254.184.62
733,Ambrose,Clelland,aclellandkc@jigsy.com,Male,218.114.217.206
734,Tanya,Tremberth,ttremberthkd@eventbrite.com,Female,92.127.234.154
735,Lucine,Stevani,lstevanike@aboutads.info,Female,95.136.169.205
736,Stevana,Blyth,sblythkf@telegraph.co.uk,Female,188.255.57.185
737,Wolfgang,Gosalvez,wgosalvezkg@google.it,Male,17.119.109.120
738,Dirk,O'Hallagan,dohallagankh@qq.com,Male,221.95.223.0
739,Raychel,Richford,rrichfordki@woothemes.com,Female,98.181.68.217
740,Frederich,Ros,froskj@twitpic.com,Male,189.251.43.88
741,Benedick,Kilmurry,bkilmurrykk@issuu.com,Male,186.244.17.79
742,North,Deinhardt,ndeinhardtkl@ft.com,Male,104.169.200.197
743,Lucas,Lowater,llowaterkm@howstuffworks.com,Male,162.33.115.160
744,Eddy,Monument,emonumentkn@cmu.edu,Female,109.220.179.169
745,Fidelio,McInnery,fmcinneryko@nyu.edu,Male,71.127.214.145
746,Candide,Mallison,cmallisonkp@yolasite.com,Genderfluid,19.54.10.12
747,Cris,Ballefant,cballefantkq@mlb.com,Male,133.242.242.40
748,Ellette,Kasperski,ekasperskikr@seesaa.net,Female,133.104.2.237
749,Huntington,Bortolazzi,hbortolazziks@nhs.uk,Male,208.218.5.206
750,Allie,Zavittieri,azavittierikt@house.gov,Male,96.61.196.103
751,Bobbette,Franschini,bfranschiniku@yellowbook.com,Female,13.41.12.254
752,Ranna,Kingsley,rkingsleykv@chron.com,Female,212.144.190.86
753,Winne,Ettridge,wettridgekw@arizona.edu,Female,62.100.173.156
754,Hynda,Sealove,hsealovekx@forbes.com,Female,33.160.132.20
755,Keefe,Delgadillo,kdelgadilloky@ehow.com,Male,107.125.228.200
756,Reagen,Partington,rpartingtonkz@hostgator.com,Male,143.91.38.46
757,Asia,Vinck,avinckl0@netlog.com,Female,15.225.95.215
758,Kalle,Goadsby,kgoadsbyl1@gov.uk,Male,206.190.20.129
759,Chandra,Hancorn,chancornl2@blinklist.com,Female,232.133.64.116
760,Jami,Ruthen,jruthenl3@sciencedirect.com,Female,180.131.254.83
761,Shaun,Benedict,sbenedictl4@berkeley.edu,Male,191.102.39.178
762,Hanan,De Meis,hdemeisl5@virginia.edu,Male,134.57.228.122
763,Meg,Rule,mrulel6@harvard.edu,Female,149.148.6.85
764,Beulah,Vidler,bvidlerl7@ted.com,Female,35.39.186.174
765,Ingelbert,Jatczak,ijatczakl8@samsung.com,Male,188.35.248.36
766,Laurence,Ceschelli,lceschellil9@umn.edu,Male,2.189.205.212
767,Demetrius,Clemenza,dclemenzala@dailymail.co.uk,Male,206.211.254.228
768,Harry,Wallice,hwallicelb@state.gov,Male,87.108.57.81
769,Alexia,Mendus,amenduslc@ning.com,Female,44.28.188.143
770,Codi,Whate,cwhateld@google.fr,Male,67.175.106.214
771,Galvin,Boldt,gboldtle@merriam-webster.com,Male,136.143.122.150
772,Carlita,Paprotny,cpaprotnylf@cbc.ca,Bigender,139.241.45.190
773,Pembroke,MacDougal,pmacdougallg@blogtalkradio.com,Polygender,59.193.36.227
774,Klarika,Wooton,kwootonlh@prlog.org,Female,142.22.38.90
775,Fidole,Sellstrom,fsellstromli@parallels.com,Bigender,136.190.240.40
776,Rossy,Gorwood,rgorwoodlj@ning.com,Male,143.56.53.96
777,Fredrick,Bartkowiak,fbartkowiaklk@cnn.com,Genderqueer,144.151.92.14
778,Ezra,Henriet,ehenrietll@domainmarket.com,Male,156.118.127.88
779,Marya,Dobrovolski,mdobrovolskilm@artisteer.com,Female,10.218.108.58
780,Margalo,Arlott,marlottln@vinaora.com,Female,152.126.84.237
781,Jacenta,Cumbers,jcumberslo@fema.gov,Female,29.87.193.21
782,Ealasaid,Fend,efendlp@reference.com,Female,233.67.163.34
783,Andrei,Holhouse,aholhouselq@miitbeian.gov.cn,Female,244.48.167.113
784,Padraig,Knappe,pknappelr@soundcloud.com,Male,93.233.132.43
785,Clyde,Nicholes,cnicholesls@ifeng.com,Male,42.214.46.162
786,Reinold,Bruyns,rbruynslt@nbcnews.com,Male,113.217.94.220
787,Colan,Dyment,cdymentlu@howstuffworks.com,Male,149.48.22.241
788,Davina,Cucuzza,dcucuzzalv@omniture.com,Female,203.50.67.254
789,Katlin,Landsberg,klandsberglw@fema.gov,Female,69.190.67.114
790,Kristoforo,Widmore,kwidmorelx@gnu.org,Male,89.139.69.202
791,Gris,Craigmyle,gcraigmylely@biblegateway.com,Male,246.77.53.44
792,Sloan,Burnsall,sburnsalllz@youtube.com,Male,216.248.251.111
793,Effie,Ludwell,eludwellm0@amazon.co.jp,Female,171.60.49.182
794,Ulberto,Orleton,uorletonm1@hexun.com,Male,215.16.55.119
795,Lamar,St. Pierre,lstpierrem2@about.com,Male,130.85.36.2
796,Beryl,Weldon,bweldonm3@hud.gov,Female,106.84.72.161
797,Karee,Raffeorty,kraffeortym4@oracle.com,Female,112.57.155.165
798,Gerry,Dootson,gdootsonm5@cbc.ca,Male,223.162.202.24
799,Ario,Vaudre,avaudrem6@nbcnews.com,Male,236.138.147.86
800,Ermengarde,Pugh,epughm7@facebook.com,Female,103.19.68.81
801,Ilaire,Jahnig,ijahnigm8@123-reg.co.uk,Male,219.239.191.174
802,Jacki,Vedntyev,jvedntyevm9@telegraph.co.uk,Female,33.218.227.151
803,Desi,Mawhinney,dmawhinneyma@printfriendly.com,Male,62.149.15.150
804,Pincas,Moehle,pmoehlemb@biglobe.ne.jp,Male,44.215.178.127
805,Dorothy,Wattisham,dwattishammc@newyorker.com,Female,196.241.112.241
806,Pavia,Benoy,pbenoymd@seattletimes.com,Female,234.225.14.150
807,Crosby,Brockton,cbrocktonme@stumbleupon.com,Male,196.116.193.214
808,Adler,Dundendale,adundendalemf@furl.net,Male,44.25.59.42
809,Eada,Fri,efrimg@admin.ch,Female,167.230.174.20
810,Cart,Pyper,cpypermh@angelfire.com,Male,8.84.218.134
811,Morganica,Skim,mskimmi@ebay.com,Female,207.239.199.83
812,Rivi,Covington,rcovingtonmj@t.co,Female,9.34.108.140
813,Nikolaos,Romaint,nromaintmk@nydailynews.com,Male,156.92.159.164
814,Hilary,Jaycox,hjaycoxml@google.nl,Male,42.151.57.17
815,Lou,Paulig,lpauligmm@cnn.com,Male,90.103.101.214
816,Elspeth,Benduhn,ebenduhnmn@europa.eu,Female,252.192.126.15
817,Blinni,Fedoronko,bfedoronkomo@admin.ch,Female,211.82.242.52
818,Melisenda,Brockington,mbrockingtonmp@ucsd.edu,Female,177.82.50.165
819,Archibald,Rotherforth,arotherforthmq@google.ru,Male,170.173.65.4
820,Gabriel,Giacobo,ggiacobomr@csmonitor.com,Male,155.93.137.70
821,Glenda,Merner,gmernerms@cdc.gov,Female,128.159.152.215
822,Giustina,Heeps,gheepsmt@devhub.com,Female,207.166.142.18
823,Brittne,Hanks,bhanksmu@irs.gov,Female,82.63.10.75
824,Tiertza,Cashman,tcashmanmv@sitemeter.com,Agender,20.13.67.170
825,Lucita,Ackrill,lackrillmw@hugedomains.com,Female,134.42.87.115
826,Karlotta,Delve,kdelvemx@ocn.ne.jp,Bigender,37.13.239.220
827,Rosabelle,Monte,rmontemy@shareasale.com,Female,246.254.103.242
828,Wally,Mayhow,wmayhowmz@opensource.org,Female,142.109.97.128
829,Ezequiel,Screase,escreasen0@about.me,Male,193.17.184.248
830,Jules,Standage,jstandagen1@paypal.com,Male,229.102.193.205
831,Corrina,McHaffy,cmchaffyn2@buzzfeed.com,Female,134.216.46.175
832,Dru,Rulf,drulfn3@arstechnica.com,Male,142.155.240.85
833,Quintus,Oleszkiewicz,qoleszkiewiczn4@va.gov,Male,103.236.104.98
834,Berry,Bampton,bbamptonn5@miitbeian.gov.cn,Female,31.190.5.10
835,Eugene,Kitney,ekitneyn6@yahoo.co.jp,Agender,37.164.169.48
836,Cyril,Rolfo,crolfon7@cdbaby.com,Male,21.10.251.114
837,Ab,Demongeot,ademongeotn8@redcross.org,Male,46.27.178.253
838,Lindon,Capnerhurst,lcapnerhurstn9@live.com,Male,33.255.6.71
839,Waverly,Rutt,wruttna@google.pl,Male,20.196.77.121
840,Ignatius,Asplen,iasplennb@addtoany.com,Male,176.82.130.155
841,Anders,Pieche,apiechenc@hostgator.com,Male,70.230.29.175
842,Conny,Paten,cpatennd@ftc.gov,Male,193.180.60.192
843,Conway,Jost,cjostne@paypal.com,Male,178.100.20.166
844,Lettie,Husby,lhusbynf@weibo.com,Female,57.114.31.228
845,Nanete,Walak,nwalakng@paypal.com,Female,6.190.167.88
846,Kelly,Blamire,kblamirenh@yellowpages.com,Female,162.27.250.141
847,Maurizio,Christoffe,mchristoffeni@cmu.edu,Male,134.173.180.113
848,Newton,Mabee,nmabeenj@cbc.ca,Male,201.118.32.236
849,Kial,Wildt,kwildtnk@chicagotribune.com,Female,253.154.75.131
850,Durant,Glasby,dglasbynl@cpanel.net,Male,28.141.127.53
851,Trey,Southcott,tsouthcottnm@about.me,Male,80.96.90.137
852,Lucho,Atmore,latmorenn@globo.com,Polygender,190.186.39.202
853,Elnore,McWhannel,emcwhannelno@utexas.edu,Female,252.203.97.28
854,Philly,Mardell,pmardellnp@themeforest.net,Female,55.0.240.40
855,Martie,Rijkeseis,mrijkeseisnq@constantcontact.com,Male,203.228.171.84
856,Patricia,Jankowski,pjankowskinr@vimeo.com,Female,123.135.28.124
857,Gianna,Durnell,gdurnellns@paypal.com,Female,102.248.75.46
858,Amelia,Spellworth,aspellworthnt@bloglovin.com,Female,135.23.121.204
859,Mervin,Challes,mchallesnu@bbc.co.uk,Male,106.156.224.105
860,Trix,Diffley,tdiffleynv@goodreads.com,Female,10.251.253.174
861,Haily,Southerns,hsouthernsnw@netvibes.com,Male,247.113.159.106
862,Patsy,Freeburn,pfreeburnnx@newsvine.com,Bigender,217.158.42.42
863,Randolf,Buggs,rbuggsny@over-blog.com,Male,141.22.238.138
864,Hirsch,Bethel,hbethelnz@reference.com,Male,247.142.135.110
865,Ladonna,McDarmid,lmcdarmido0@icio.us,Female,0.35.252.199
866,Abbie,Barajaz,abarajazo1@webmd.com,Male,165.114.93.185
867,Lois,Dring,ldringo2@wordpress.com,Female,93.66.165.32
868,Nataniel,Farnill,nfarnillo3@godaddy.com,Male,134.94.27.44
869,Bran,Allwell,ballwello4@mlb.com,Agender,48.119.9.109
870,Kearney,Bosma,kbosmao5@reuters.com,Male,6.150.161.134
871,Shawn,Stichall,sstichallo6@bing.com,Male,191.101.200.29
872,Millie,McIan,mmciano7@dion.ne.jp,Female,203.91.246.142
873,Kristos,Jeeves,kjeeveso8@t-online.de,Male,237.120.145.193
874,Fallon,Grouse,fgrouseo9@ibm.com,Female,194.6.187.94
875,Sybilla,Worledge,sworledgeoa@mediafire.com,Female,39.24.165.220
876,Bevon,Tett,btettob@sbwire.com,Male,41.211.185.1
877,Olimpia,Bamfield,obamfieldoc@macromedia.com,Female,178.226.84.1
878,Anthony,Waldera,awalderaod@vkontakte.ru,Male,225.155.115.51
879,Waring,Kienl,wkienloe@constantcontact.com,Male,220.210.6.40
880,Evan,Witheridge,ewitheridgeof@hud.gov,Male,138.10.12.178
881,Garey,Richardsson,grichardssonog@youtu.be,Male,90.148.29.212
882,Pacorro,Jepp,pjeppoh@java.com,Male,118.150.181.92
883,Margarette,Brogioni,mbrogionioi@printfriendly.com,Female,170.79.164.67
884,Reyna,Llewellen,rllewellenoj@slashdot.org,Female,5.42.76.129
885,Carleen,Clementel,cclementelok@meetup.com,Female,44.190.225.87
886,Bail,Matthias,bmatthiasol@godaddy.com,Male,10.193.225.33
887,Gordon,Matyatin,gmatyatinom@clickbank.net,Male,239.31.22.236
888,Lindy,Laurent,llaurenton@nih.gov,Female,255.135.53.246
889,Sibley,Plumtree,splumtreeoo@apache.org,Female,31.230.10.39
890,Guenevere,Vasic,gvasicop@google.com.br,Female,251.36.177.53
891,Gretel,Groombridge,ggroombridgeoq@topsy.com,Female,40.114.62.62
892,Damita,Frise,dfriseor@ibm.com,Female,110.246.56.117
893,Caddric,Dybbe,cdybbeos@hexun.com,Male,24.192.248.165
894,Adelheid,Pye,apyeot@google.nl,Female,115.103.40.105
895,Natalya,Portt,nporttou@gnu.org,Bigender,148.124.119.90
896,Northrop,Gresser,ngresserov@hc360.com,Male,152.134.101.73
897,Sabina,Rennie,srennieow@google.com,Non-binary,158.43.206.88
898,Alta,Grayshan,agrayshanox@buzzfeed.com,Female,91.96.46.111
899,Coleman,Piris,cpirisoy@shop-pro.jp,Male,193.61.17.247
900,Trev,Dober,tdoberoz@cloudflare.com,Male,125.46.112.38
901,Frasquito,Petrello,fpetrellop0@cocolog-nifty.com,Male,85.35.61.31
902,Gwendolin,Burgot,gburgotp1@amazon.co.jp,Female,156.120.170.72
903,Dorian,Affron,daffronp2@shareasale.com,Male,159.109.171.127
904,Stacy,Parmby,sparmbyp3@toplist.cz,Female,130.215.118.252
905,Joleen,Gave,jgavep4@multiply.com,Female,244.125.104.146
906,Lorene,Lowth,llowthp5@ftc.gov,Bigender,210.206.43.158
907,Mikey,Rayhill,mrayhillp6@parallels.com,Male,28.113.241.170
908,Junie,Capron,jcapronp7@earthlink.net,Female,14.192.171.194
909,Adelind,Bultitude,abultitudep8@desdev.cn,Female,191.228.76.196
910,Celestina,MacKey,cmackeyp9@webmd.com,Female,90.235.56.27
911,Idalia,Arlott,iarlottpa@delicious.com,Female,147.134.202.41
912,Elane,Conlaund,econlaundpb@addthis.com,Bigender,20.108.207.55
913,Roxanne,Hillhouse,rhillhousepc@surveymonkey.com,Female,172.187.179.97
914,Kendell,Nassie,knassiepd@dedecms.com,Male,29.122.213.190
915,Flossi,O'Gaven,fogavenpe@microsoft.com,Female,185.220.227.139
916,Adolph,Jobson,ajobsonpf@squidoo.com,Polygender,107.99.217.37
917,Sile,Allport,sallportpg@angelfire.com,Female,122.104.156.109
918,Crysta,Bowlas,cbowlasph@parallels.com,Female,88.233.175.114
919,Bord,Foulsham,bfoulshampi@tumblr.com,Male,103.77.186.253
920,Felice,De Ferrari,fdeferraripj@businessweek.com,Female,120.134.93.48
921,Karole,Agney,kagneypk@edublogs.org,Female,118.141.57.18
922,Rozalie,Biford,rbifordpl@ucoz.com,Female,0.180.223.137
923,Lyman,Nashe,lnashepm@msu.edu,Male,53.84.81.93
924,Cathee,Speenden,cspeendenpn@gizmodo.com,Female,14.89.219.65
925,Kelvin,Handling,khandlingpo@imgur.com,Male,195.90.24.139
926,Aundrea,Worral,aworralpp@goo.ne.jp,Female,113.254.74.147
927,Marget,Zorer,mzorerpq@fotki.com,Female,254.198.204.98
928,Leroi,Kingsmill,lkingsmillpr@nasa.gov,Male,231.92.147.50
929,Patrice,Lohmeyer,plohmeyerps@mashable.com,Female,230.13.47.108
930,Emmalynn,Edens,eedenspt@huffingtonpost.com,Female,193.209.63.138
931,Frank,Ettridge,fettridgepu@i2i.jp,Male,219.6.64.170
932,Fey,Eckly,fecklypv@networkadvertising.org,Female,197.22.202.82
933,Kaleb,Dalzell,kdalzellpw@tumblr.com,Male,28.53.159.82
934,Eldon,Mytton,emyttonpx@dagondesign.com,Male,70.83.157.239
935,Karna,Stitt,kstittpy@theatlantic.com,Female,17.162.132.211
936,Duncan,Dudding,dduddingpz@google.cn,Male,87.146.16.201
937,Hazel,McGlynn,hmcglynnq0@ucsd.edu,Female,90.17.159.105
938,Brantley,Valler,bvallerq1@bloglines.com,Male,62.239.133.52
939,Consuelo,Mishaw,cmishawq2@geocities.jp,Female,187.179.13.5
940,Curcio,Brosini,cbrosiniq3@mashable.com,Male,12.92.2.64
941,Stephannie,Tolomei,stolomeiq4@miitbeian.gov.cn,Genderqueer,102.82.195.27
942,Westbrooke,Masey,wmaseyq5@com.com,Male,69.48.182.108
943,Mella,Enderwick,menderwickq6@ucsd.edu,Female,116.114.144.67
944,Kaja,Leathem,kleathemq7@wikimedia.org,Female,162.23.122.250
945,Tommi,Palk,tpalkq8@china.com.cn,Female,104.159.106.213
946,Rand,Vick,rvickq9@360.cn,Male,171.22.65.21
947,Thatcher,Raithbie,traithbieqa@scribd.com,Male,159.67.209.183
948,Dredi,Bromell,dbromellqb@wikimedia.org,Female,213.113.46.53
949,Guido,Peris,gperisqc@photobucket.com,Male,206.102.86.201
950,Jenilee,Tapenden,jtapendenqd@youtube.com,Female,250.132.191.124
951,Jena,Skeat,jskeatqe@ebay.co.uk,Polygender,235.242.246.37
952,Merry,Yglesia,myglesiaqf@eepurl.com,Female,135.218.93.121
953,Sybil,Jaume,sjaumeqg@surveymonkey.com,Female,121.204.77.192
954,Reinaldo,Adamovitz,radamovitzqh@google.pl,Male,103.130.222.237
955,Bogey,Harmston,bharmstonqi@slashdot.org,Male,156.214.128.203
956,Sherwood,MacAlroy,smacalroyqj@usda.gov,Male,225.213.53.9
957,Ermanno,McKerron,emckerronqk@google.de,Male,75.115.135.133
958,Ram,Midden,rmiddenql@icio.us,Male,246.148.197.200
959,Val,Siss,vsissqm@usda.gov,Female,25.236.239.3
960,Colline,Brownbridge,cbrownbridgeqn@elpais.com,Female,121.42.164.92
961,Harmon,Franies,hfraniesqo@soup.io,Male,163.70.126.95
962,Berty,Gilgryst,bgilgrystqp@squarespace.com,Female,19.81.213.232
963,Clementia,Boddie,cboddieqq@netlog.com,Female,157.189.64.105
964,Willa,Dominico,wdominicoqr@jugem.jp,Female,6.237.87.85
965,Rafaela,Carrabot,rcarrabotqs@tumblr.com,Female,1.245.22.121
966,Ernestine,Pargiter,epargiterqt@surveymonkey.com,Female,42.121.80.127
967,Delora,Di Giacomettino,ddigiacomettinoqu@csmonitor.com,Female,253.177.108.146
968,Leighton,Ledrane,lledraneqv@privacy.gov.au,Male,63.4.229.143
969,Tobey,Storrier,tstorrierqw@weather.com,Female,231.227.186.119
970,Carolyne,Cassell,ccassellqx@theatlantic.com,Female,19.71.146.40
971,Isador,Dayes,idayesqy@naver.com,Male,86.114.135.157
972,Bendicty,Chick,bchickqz@nydailynews.com,Male,31.173.235.232
973,Wilton,Wharram,wwharramr0@tinyurl.com,Male,210.137.55.161
974,Antonie,Crichton,acrichtonr1@google.fr,Female,139.91.166.183
975,Ferris,Champneys,fchampneysr2@guardian.co.uk,Male,90.196.109.17
976,Alwyn,Anyene,aanyener3@geocities.jp,Male,37.69.253.170
977,Erek,Shayes,eshayesr4@shinystat.com,Male,35.184.55.18
978,Marcellina,Sherston,msherstonr5@tripadvisor.com,Female,151.29.236.88
979,Felita,Juara,fjuarar6@jiathis.com,Female,211.178.207.247
980,Luella,Topaz,ltopazr7@google.com.hk,Female,121.74.111.135
981,Trude,Gillinghams,tgillinghamsr8@prnewswire.com,Non-binary,141.226.151.155
982,Marthena,Dukelow,mdukelowr9@e-recht24.de,Female,224.203.79.48
983,Agretha,De Dei,adedeira@shinystat.com,Female,182.16.78.108
984,Alfonso,Kuhlmey,akuhlmeyrb@indiegogo.com,Male,7.144.222.42
985,Stacy,Delgado,sdelgadorc@free.fr,Male,41.198.15.0
986,Arlen,Olenikov,aolenikovrd@weebly.com,Genderqueer,125.241.158.98
987,Kettie,Pigne,kpignere@nydailynews.com,Female,112.120.135.19
988,Garrik,Kilalea,gkilalearf@sbwire.com,Bigender,89.191.149.227
989,Peggi,Gerrett,pgerrettrg@craigslist.org,Female,13.185.193.104
990,Brucie,Kennaird,bkennairdrh@cocolog-nifty.com,Male,246.249.101.228
991,Christian,Goly,cgolyri@princeton.edu,Genderqueer,20.163.53.129
992,Blayne,Holdforth,bholdforthrj@webmd.com,Male,89.214.0.127
993,Keenan,Stanaway,kstanawayrk@chron.com,Male,98.146.228.12
994,Laurence,Blazy,lblazyrl@etsy.com,Male,23.129.251.231
995,Peta,Aughton,paughtonrm@goo.ne.jp,Female,140.109.96.151
996,Devon,O'Cannovane,docannovanern@msu.edu,Female,224.76.125.48
997,Davida,Cawkwell,dcawkwellro@blogspot.com,Female,198.46.14.8
998,Salmon,Alen,salenrp@youtu.be,Male,106.229.226.231
999,Evey,Brigge,ebriggerq@craigslist.org,Female,8.255.4.114
1000,Matias,Blaise,mblaiserr@patch.com,Male,114.224.196.91
